id,uuid
1,28d476a0-8286-4bf4-89e2-5520ac2c8699
2,0b573ec1-b725-470f-a97a-b3eca1bd3d1f
3,5bc2b0b8-c129-47e5-9ebd-a7138a99411f
4,128e6060-6c30-4681-bf5b-a20899a3a392
5,666d19cd-3edd-4484-8c52-11434506b642
6,fcb5a793-5ed9-46f6-9b4b-b420bdfea094
7,17f38ac9-992b-439b-83b7-4e4c47fba92c
8,f0680b12-e0fd-4084-ac99-3c472f922ec0
9,c4cb41da-d0e3-4ddc-ba7e-c269a899c20f
10,ac63cdef-5cfa-493f-8120-96ea91d79a5b
11,cfa17637-414f-49aa-9049-d73c90c4f45b
12,f236f067-a9e6-4247-ac7c-5807c06a9c22
13,f2bb3987-7d00-468a-a521-ae1f2f1ca548
14,10050ee9-fcf7-4581-93fc-f1804ddadc06
15,12111ef2-b303-4a72-a4a3-f9cafbf02225
16,febf4ce0-7884-4257-b39c-be8f38c97128
17,9d9d28ea-6dee-4d7f-96fb-e666b872600c
18,b8ec4cd6-a1fe-45e8-b5c3-89b6e3248038
19,8bd2be77-fa09-4a2d-b30b-f82e411e6592
20,83ac52a7-4dfe-4199-a468-d8dd6d48c96a
21,0f3dfc4b-917c-4a4b-ac89-3510a4d7e27d
22,2f1510d8-2f61-4b7d-84cd-0632c869e88b
23,eaaa0420-8776-433f-b7bc-4719cc34ef2e
24,8040d258-8bdb-4d8d-a3f1-a17b90574fe4
25,55aeb977-b41f-4d0c-b8c0-df0b66ac991a
26,c4e31f89-ee0f-4e36-a4f4-a884b1da655f
27,139fd5d3-4f08-4b10-96cf-6d619555a3bd
28,5e5bdde4-d4cd-4dd4-8803-ea800887edca
29,eed6678c-39f7-4987-967a-b2e0a51007e1
30,72176eef-596f-475d-ac2a-7b4226a40d59
31,6316c805-9eb0-4001-a44b-99d3f5bd6d6a
32,4633eec3-b7ee-4fb0-a0cc-f3f446651543
33,35d5e2e7-02cb-45ff-b54c-59c7d05781c6
34,20bae5c5-23e1-45b2-b463-71dc87409740
35,39958b29-5954-42bd-a533-575c9a798576
36,a5d1ee4a-bc93-4c18-806c-cf6f5f6046f7
37,9da52c98-d3c0-4e18-ba92-6dd20be83b5f
38,8e926139-c6ac-4e73-8092-cd7d2a30bd7d
39,52cb46d1-c321-43b6-87f7-7cd182ff5b25
40,341e5866-6b29-43b7-add2-5a5f22a6f0d6
41,7c90cd18-469a-4815-af7e-181417363bd6
42,1bd998ca-d30c-45e6-8e88-66c828345e0a
43,749c66be-7f53-46fc-89b5-6fd0b308176a
44,0061c2ea-5794-4e95-aa15-54168e3f9ef6
45,1cac568d-f260-486b-aeee-83901177a135
46,345bbba1-3383-4df6-87e3-aa09c06f3df3
47,4d911870-aae3-4a34-b815-1bda5a2238cb
48,52136b69-6162-48b6-a88a-43ea8b03bc4c
49,6a21fc5a-1132-4afa-8d44-3d75e070d3f3
50,d0bcd2d4-5174-4f75-9a58-fd85adc6ddf6
51,4d99dabc-0aee-4571-a03a-f4339c3caa10
52,121a79dd-7d2d-4694-bf0e-8b932194c06f
53,ed6d43d0-8c0e-468d-9fea-700329c25dc9
54,cd2d31f4-501e-4ec2-9902-aff794e1706e
55,5e0399b2-f8a6-44d0-a448-43a99d0c7f65
56,1c16662f-a476-4bde-b5b2-fbb73f090aae
57,ca8ec9f9-ace7-48e8-9b15-eeb400167c59
58,b075f5c3-2632-42ef-a07e-04351ab41633
59,73ae3c52-3907-481f-a038-6b41d6e9cfd0
60,eb4c1ae4-7769-404b-8bf9-4c5e6fc60c41
61,9c133d62-c426-41e4-bf5e-3e055b3cfa7d
62,df89f039-e449-4eb1-abd7-150b5b5b3f0a
63,ed865717-c858-4c95-9ab5-fdadecd7e6da
64,b8bf8c64-df7c-4ad9-84ad-7a8574b83d14
65,b8c1ddbc-881b-4970-8253-1ea406e57802
66,67d745f2-e95c-40c1-bc76-241e759d9cf5
67,7102ac72-1db5-44b0-ad7b-b0a50d4252b5
68,92563e54-79c0-4771-9e7a-c76d5cf8f540
69,309e9987-970b-407b-9c28-fb8bf96b0578
70,87491df2-9c24-45d1-9481-c53aecac02a6
71,d3c273ed-ee50-4fd4-a234-704e9cedba5d
72,d0735fcf-3c41-41b5-aa23-a6acc743b5b5
73,6d873f20-21fb-4473-a19e-15bc1fecc079
74,d8b918c1-41d4-4da7-8456-e944b34dfd18
75,69fa988e-496d-4927-a478-2a5af849e0ea
76,cb17c109-c35f-48f3-9602-1e7587accac9
77,6e33ba8a-069d-4769-b8ae-3a3ff30f4b75
78,1a997a05-7cfe-4f4b-9553-c126ff7b2afe
79,0c6ef7b1-401a-40af-b9fc-d4f06307fb65
80,ca355772-f63d-4cdc-885b-3801e4e22b13
81,5e35252b-66e3-4008-a359-3753c6eb02f4
82,66229b54-a5be-4b37-974a-9c07818df233
83,6aba4796-a42b-4165-bb27-f8dd1fb2cee1
84,ffe76a55-69b1-4c36-b1a6-ad97d95e8f5b
85,2c5d7d52-13b9-4a19-8761-279a6184a0ec
86,dbc6f2e3-25e8-4ac2-81b3-2bb4373e419b
87,bbfb110e-4abe-49bb-9025-a8799d704146
88,b9a67f25-c0ac-4f37-bb9f-c6d200d63ccb
89,d9417537-eb51-41bd-95a7-3b2d68627b13
90,db842cb1-7235-487d-9e4d-1099bbf5198e
91,51e193ab-c4df-49a4-8343-b81351ee492a
92,c363c7ea-f3ba-4010-a9bc-4a6c3645e132
93,915600de-f031-4f77-8847-53f65bf5c6c5
94,ee90e0dd-6324-4676-a06c-cb1d1014538b
95,da42f854-8cf3-45d6-b936-154523fbe7eb
96,a3c6e5f9-2bca-4fd5-9433-819591301067
97,2645da6a-8fb5-49b3-94d3-b61d0cf6ab1d
98,4109d5b6-0df9-4082-baeb-75b787974e50
99,0c9d52c3-eb57-48ee-9d92-4bfd5bec98ea
100,bede04b9-6a3e-45dc-951b-52ddf23d2bed
101,d5c24f99-53c1-4731-a146-0f0d82178698
102,e35d1010-f445-4e2a-805f-58795b34577a
103,833c1849-6fe3-4efa-8468-aa30c6a4d649
104,9f3a6f2c-40b0-426c-8c54-68c34630a3ae
105,d5aa9129-06f4-4981-b6c0-70a618e49968
106,351f574e-b730-450e-a748-79627116ef59
107,3d6233dd-ddb6-4ffd-8e44-677778230ca5
108,d9b5f726-f385-4535-845d-84d7143e2d23
109,ac9dd198-d2d7-449a-bf7f-092d5bb26c68
110,74844aed-acc6-44c5-90b0-64eefff5fadb
111,6c54cde7-dd6c-4261-87c4-d70e8078acf4
112,86ec1202-c22e-410b-86c0-bef30333c563
113,0a8cfef6-2c71-4304-8edc-57aa6280a69b
114,7d8a217b-c33b-4f63-9dee-07ad11255ccb
115,68e45a11-ade4-4634-a906-dcf135b22ca8
116,823a9321-6a95-4c6d-8dfd-40407e442b6e
117,e27f4011-8b65-4a17-8f1a-3b7dd9da214f
118,699750f5-05f4-4d4f-91d3-09a9d61edd64
119,7f0e1056-473d-438d-bb80-44af56ab6188
120,eecb1195-1e5a-4b5c-aa40-39914c3dec91
121,e77962bf-9250-44e2-9b75-a4fa9f1a2e13
122,a6bc151a-7f35-4ea0-9c84-704dde94030f
123,d8996420-c529-4ffe-ac9f-bb5bb3819c46
124,9b0031f0-43d9-4a84-bac2-8de256ae05fa
125,d00ae874-188e-4ddc-84bd-7a7863e01400
126,b3739a60-faed-407a-ba03-b02841719177
127,67b4164a-8d23-4d88-b603-d79c9039aa69
128,66c7e8cc-1ce5-4ed4-8164-4e4bdd684c9a
129,c0248325-d249-4df3-b455-e7e5f7f84399
130,8cdfc527-96ce-457a-a263-25e66f962a30
131,9817bd8c-6978-49e6-a35e-456c8493deb7
132,804667f1-7519-4ae7-8e18-1fdfa5d129bf
133,d4cc7f73-3ce9-4826-a3bc-ebba45eeec88
134,f7c0dbee-982b-4f71-97a7-e54571b7207d
135,b5fd3047-859b-4314-8e44-22968832607a
136,663b2ee9-565a-4817-9537-565d32d0c9f8
137,c5357135-ae2a-4c4d-a5f6-06254e188cf3
138,e83107f3-dc00-40f4-8a9c-c1f7eafca4f2
139,aa93bd94-f9b6-45f7-a6f9-8f4db328d050
140,cf0fe9eb-b1b1-4c50-9dc8-9c2fe23820b4
141,664adc0d-f0f6-450f-9953-ac16aca2fbb4
142,0fe8645c-02ba-4072-93d4-0a050d937ec8
143,0c43001c-3e8b-4634-8292-fe619fcdc1cc
144,70d79b6f-d4bf-487b-af12-201450be12bd
145,a61da81d-502d-4d8f-9345-6eb72ece1a79
146,b39a38ad-e096-45ca-bb34-6fea42a5393d
147,49681051-377f-458b-b4c9-8c7710bfd6e1
148,58ec9a4b-7de7-4240-a048-27aec18c94e2
149,114b892a-69f2-484a-9dae-4c7a5fd24459
150,03057b96-2879-42e3-86fc-3239a05f07bc
151,595e0886-308d-4330-bb12-701c6638a317
152,894ba34d-2c90-4ac5-821c-01b8f67d65e1
153,fbc2ed87-d847-4d4a-bdc5-2a28c72c1f35
154,9e7ea52c-50cf-4a99-84d6-5ad8c614e9d9
155,46e7bbac-9c8d-47b5-9628-3018459c37f9
156,4001af78-5819-4cff-ba42-f32f0d65eeab
157,597e06fb-dc2c-43a8-8228-b45c578a1190
158,c7db87f6-ff4c-46af-930a-ce635a23b6fc
159,5dbff7dc-1628-4e73-bb58-5d39e8d0dfd7
160,88d5531c-a6e6-4ba8-883f-cab06e394817
161,aab4ab51-917e-478f-a493-ea848189b99d
162,91a947af-b8cc-4264-8158-e287a0bd4888
163,8faeab48-8ee6-45d3-a963-b9e5f32e8f39
164,4c845e02-54a9-47e9-9d74-eae43323aa6c
165,64409bf3-c748-49f6-aecc-df76ebaea181
166,5d26324c-dfd6-4394-bb1e-e5857c2db1a0
167,a9793f0b-86b8-4b69-86b6-09e69c755b57
168,c3edb19a-6214-4d0f-8110-12550d2de32d
169,01d67bdb-9084-4c87-b238-b04b692ffaf5
170,d7bae510-e529-4bbc-8b57-56a5e82e3eff
171,82095df8-be31-4b7c-98bd-c7816c444ced
172,70c6d8b7-d5b7-485a-bd50-80cc94336d07
173,12107dec-e983-4c4b-b457-10aa063cbc8f
174,3e082a51-a792-43f6-afd0-e90f29eedc48
175,ced0ffb2-55fe-4672-ac25-74514a3a5374
176,9544c186-0d8a-4b81-939e-6fb88cd8031b
177,1e8ada3e-f723-440e-b683-a75503783edc
178,fa8c021d-cf30-41eb-b400-e0db10e0e4ec
179,07190c6f-4d59-4f2d-9f02-b787ff0c655a
180,5d0727d4-2ba6-4b84-b27e-572407e90e4a
181,2d41f1dd-4b04-4df4-9a04-491c8c7436b9
182,4a74ede1-3af1-4342-b01f-ae9aff78eece
183,ae6358ce-15ee-491f-8c58-3d50cc1d87ed
184,96875217-8dbe-4636-82dd-1a47dcf39e1b
185,cd6c2e8b-aa92-4580-8052-0584b6f7a30b
186,d88ad8dc-c992-4a7d-bcb1-280ec1cc4293
187,e7bff45d-b33d-4a78-bef1-3dc9b950e978
188,9d9bdc98-a3d0-4bef-a891-1f48ace9a63e
189,218f52b9-997f-4f62-a4e5-7c2f0f553ccb
190,2faf1149-7097-4020-bf88-6880abdc1946
191,86b2985d-d9bb-4367-b10b-a53a12a38766
192,7cc4c5db-99a1-4dd2-adc6-8ee7816b77f8
193,73bb83e7-80ad-48f7-b61d-485290c0f802
194,e9d3bf91-9111-41cb-862e-c6a4e5bee105
195,80dc92eb-fd96-4769-a5f2-82dcd6bcc137
196,052ffb0e-e928-4030-8f57-9037a894fb55
197,c0638e81-d453-44a8-ab1b-91508fc30ba5
198,a17a67cc-3e63-4db8-8344-380ae06769a5
199,b9847ff9-fca3-42ac-94a5-352f2ff0d181
200,54bfac9d-77fc-4ce6-87ff-eddc5ca84a91
201,76c7ca13-6937-4f42-888d-e427c269c819
202,0a0d932f-ef5a-4aa5-be4f-5083283960d0
203,5ee84582-7d8c-4b0e-8654-b9174bf95b31
204,0ff936f9-6dbe-4970-afbd-0b436f80adf4
205,c24feb67-2652-4350-8114-3e4ae89cc092
206,42048179-4a26-4fb3-8798-0032b6e3ee20
207,ee77a814-7598-4de9-bcdc-459f7fcf8f35
208,4fb09575-8b52-4088-b74a-daeef983612d
